id_x,name_x,city,county,Area_name,State,country,holeCount,rating,latitude,longitude,zipcode,PopDensity,total_pop,total_income,avg_income,MedianHHIncome,region,fips,County
abundant-life-church,Abundant Life Church,Blaine,Anoka County,"Anoka County, MN",MN,USA,7,,45.1841095,-93.2420547,55434,821.331,16000,925383,57836.4375,84779.0,midwest,27003,Anoka County
lochness-park-disc-golf-course,Lochness Park Disc Golf Course,Blaine,Anoka County,"Anoka County, MN",MN,USA,9,3.0,45.175034600000004,-93.15547509999999,55434,821.331,16000,925383,57836.4375,84779.0,midwest,27003,Anoka County
blue-ribbon-pines-disc-golf-course,Blue Ribbon Pines Disc Golf Course,East Bethel,Anoka County,"Anoka County, MN",MN,USA,27,5.0,45.334694,-93.2228929,55011,821.331,5360,414192,77274.62686567166,84779.0,midwest,27003,Anoka County
visionquest,VisionQuest,Cedar,Anoka County,"Anoka County, MN",MN,USA,18,,45.35758320000001,-93.2892505,55011,821.331,5360,414192,77274.62686567166,84779.0,midwest,27003,Anoka County
bunker-hills-regional-park,Bunker Hills Regional Park,Andover,Anoka County,"Anoka County, MN",MN,USA,9,4.0,45.21708870000001,-93.2774393,55304,821.331,24100,2253012,93485.97510373444,84779.0,midwest,27003,Anoka County
ham-lake-dgc-0,Ham Lake Disc Golf Course,Ham Lake,Anoka County,"Anoka County, MN",MN,USA,18,,45.24958270000001,-93.221122,55304,821.331,24100,2253012,93485.97510373444,84779.0,midwest,27003,Anoka County
coon-rapids-dgc,Coon Rapids Disc Golf Course,Coon Rapids,Anoka County,"Anoka County, MN",MN,USA,21,4.0,45.156572499999996,-93.2823796,55433,821.331,17920,1012996,56528.79464285714,84779.0,midwest,27003,Anoka County
ponds-linwood,Fairway Flyerz Disc Golf Park,Linwood Township,Anoka County,"Anoka County, MN",MN,USA,9,,45.3519468,-93.0795069,55079,821.331,4440,320768,72245.04504504504,84779.0,midwest,27003,Anoka County
fridley-high-school-disc-golf-course,Fridley High School Disc Golf Course,Fridley,Anoka County,"Anoka County, MN",MN,USA,9,,45.077554299999996,-93.2540345,55432,821.331,16670,908615,54505.99880023995,84779.0,midwest,27003,Anoka County
fridley-middle-school-dgc,Fridley Middle School Disc Golf Course,Fridley,Anoka County,"Anoka County, MN",MN,USA,9,,45.0814325,-93.2509017,55432,821.331,16670,908615,54505.99880023995,84779.0,midwest,27003,Anoka County
twin-lakes-park,Twin Lakes Park,Nowthen,Anoka County,"Anoka County, MN",MN,USA,9,,45.3304043,-93.50822209999998,55330,821.331,20510,1588164,77433.64212579229,84779.0,midwest,27003,Anoka County
oak-grove-preserve,Oak Grove Preserve,Oak Grove,Anoka County,"Anoka County, MN",MN,USA,9,3.0,45.32953120000001,-93.3818505,55303,821.331,25380,1791938,70604.3341213554,84779.0,midwest,27003,Anoka County
riverfront-regional-park,Riverfront Regional Park,Fridley,Anoka County,"Anoka County, MN",MN,USA,13,,45.055655200000004,-93.28083149999999,55421,821.331,15180,784434,51675.49407114625,84779.0,midwest,27003,Anoka County
acorn-disc-golf-course,Acorn Disc Golf Course,Roseville,Ramsey County,"Ramsey County, MN",MN,USA,18,3.0,45.0199206,-93.1112053,55113,3557.483,21690,1682837,77585.84601198709,66123.0,midwest,27123,Ramsey County
bethel-university-disc-golf-course,Bethel University Disc Golf Course,Arden Hills,Ramsey County,"Ramsey County, MN",MN,USA,18,5.0,45.06223610000001,-93.16363709999999,55112,3557.483,22620,1737295,76803.49248452696,66123.0,midwest,27123,Ramsey County
hansen-park,Hansen Park,New Brighton,Ramsey County,"Ramsey County, MN",MN,USA,12,3.0,45.0560776,-93.2061707,55112,3557.483,22620,1737295,76803.49248452696,66123.0,midwest,27123,Ramsey County
silverview-park,Silverview Park,Mounds View,Ramsey County,"Ramsey County, MN",MN,USA,9,2.0,45.1048639,-93.21670379999999,55112,3557.483,22620,1737295,76803.49248452696,66123.0,midwest,27123,Ramsey County
highland-park-3,Highland Park,St. Paul,Ramsey County,"Ramsey County, MN",MN,USA,18,4.0,44.9095374,-93.1679257,55116,3557.483,13450,1307337,97199.77695167287,66123.0,midwest,27123,Ramsey County
lakewood-hills,Lakewood Hills,White Bear Lake,Ramsey County,"Ramsey County, MN",MN,USA,18,4.0,45.0424487,-93.0113913,55110,3557.483,20700,1871981,90433.86473429952,66123.0,midwest,27123,Ramsey County
adrian-disc-golf-course,Adrian Disc Golf Course,Adrian,Nobles County,"Nobles County, MN",MN,USA,18,4.0,43.6260272,-95.93965,56110,30.54,840,50744,60409.52380952381,63011.0,midwest,27105,Nobles County
minnesota-west-community-and-technical-college,Minnesota West Community and Technical College,Worthington,Nobles County,"Nobles County, MN",MN,USA,9,,43.62198460000001,-95.6279797,56187,30.54,6560,346595,52834.60365853658,63011.0,midwest,27105,Nobles County
sunset-bay-disc-golf-course-olson-park,Sunset Bay Disc Golf Course at Olson Park,Worthington,Nobles County,"Nobles County, MN",MN,USA,9,3.0,43.6059582,-95.63535870000001,56187,30.54,6560,346595,52834.60365853658,63011.0,midwest,27105,Nobles County
afton-alps,Afton Alps,Hastings,Washington County,"Washington County, MN",MN,USA,18,1.0,44.8576608,-92.7878062,55033,659.196,15240,1127816,74003.67454068242,101409.0,midwest,27163,Washington County
arcola-heights-park,Arcola Heights Park,Stillwater,Washington County,"Washington County, MN",MN,USA,9,,45.093551500000004,-92.7920093,55082,659.196,18500,2161688,116848.0,101409.0,midwest,27163,Washington County
brekke-park-disc-golf-course,Brekke Park Disc Golf Course,Oak Park Heights,Washington County,"Washington County, MN",MN,USA,9,,45.0291325,-92.8117382,55082,659.196,18500,2161688,116848.0,101409.0,midwest,27163,Washington County
stillwater-middle-school,Stillwater Middle School,Stillwater,Washington County,"Washington County, MN",MN,USA,9,,45.0437815,-92.8129991,55082,659.196,18500,2161688,116848.0,101409.0,midwest,27163,Washington County
clarks-grove-disc-golf-course,Clarks Grove Disc Golf Course,Clarks Grove,Washington County,"Washington County, MN",MN,USA,9,,44.8362956,-92.9580849,56016,659.196,470,26174,55689.361702127666,101409.0,midwest,27163,Washington County
oakwood-park,Oakwood Park,Cottage Grove,Washington County,"Washington County, MN",MN,USA,18,2.0,44.8362956,-92.9580849,55016,659.196,18370,1385843,75440.5552531301,101409.0,midwest,27163,Washington County
loyal-and-eight-pin-disc-golf-course,The Loyal and Eight-Pin Disc Golf Course,Marine on St. Croix,Washington County,"Washington County, MN",MN,USA,8,,45.1984344,-92.770531,55047,659.196,1410,167396,118720.56737588653,101409.0,midwest,27163,Washington County
cp-adams-park,C.P. Adams Park,Hastings,Dakota County,"Dakota County, MN",MN,USA,18,3.0,44.7297248,-92.8349615,55033,743.908,15240,1127816,74003.67454068242,90562.0,midwest,27037,Dakota County
hastings-middle-school-disc-golf-course,Hastings Middle School Disc Golf Course,Hastings,Dakota County,"Dakota County, MN",MN,USA,9,,44.7357305,-92.8658072,55033,743.908,15240,1127816,74003.67454068242,90562.0,midwest,27037,Dakota County
alimagnet-lake-park-disc-golf-course,Alimagnet Lake Park Disc Golf Course,Apple Valley,Dakota County,"Dakota County, MN",MN,USA,12,5.0,44.73967929999999,-93.2450742,55124,743.908,28250,2332343,82560.81415929201,90562.0,midwest,27037,Dakota County
apple-valley-high-school,Apple Valley High School,Apple Valley,Dakota County,"Dakota County, MN",MN,USA,6,,44.7421285,-93.2308247,55124,743.908,28250,2332343,82560.81415929201,90562.0,midwest,27037,Dakota County
brockway-disc-golf-course,Brockway Disc Golf Course,Rosemount,Dakota County,"Dakota County, MN",MN,USA,9,4.0,44.7517086,-93.121701,55068,743.908,14940,1289123,86286.68005354753,90562.0,midwest,27037,Dakota County
empire-disc-golf-course,Empire Disc Golf Course,Farmington,Dakota County,"Dakota County, MN",MN,USA,9,,44.6596336,-93.1217346,55042,743.908,5640,810351,143679.2553191489,90562.0,midwest,27037,Dakota County
garlough-park,Garlough Park,West Saint Paul,Dakota County,"Dakota County, MN",MN,USA,9,4.0,44.8922042,-93.0948427,55118,743.908,15240,1571797,103136.28608923883,90562.0,midwest,27037,Dakota County
inver-hills-community-college-disc-golf-course,Inver Hills Community College Disc Golf Course,Inver Grove Hieghts,Dakota County,"Dakota County, MN",MN,USA,9,,44.8281474,-93.0542162,55076,743.908,11760,824582,70117.51700680272,90562.0,midwest,27037,Dakota County
valley-disc-golf-course,The Valley Disc Golf Course,Inver Grove Heights,Dakota County,"Dakota County, MN",MN,USA,18,4.0,44.84999420000001,-93.0485182,55076,743.908,11760,824582,70117.51700680272,90562.0,midwest,27037,Dakota County
kaposia-park,Kaposia Park,South St. Paul,Dakota County,"Dakota County, MN",MN,USA,26,4.0,44.9089356,-93.0613762,55075,743.908,10720,574478,53589.3656716418,90562.0,midwest,27037,Dakota County
kenwood-trails-disc-golf-course,Kenwood Trails Disc Golf Course,Lakeville,Dakota County,"Dakota County, MN",MN,USA,18,3.0,44.6703775,-93.2710376,55044,743.908,27820,3023478,108680.01437814524,90562.0,midwest,27037,Dakota County
northview-park,Northview Park,Eagan,Dakota County,"Dakota County, MN",MN,USA,9,3.0,44.8118281,-93.1378342,55123,743.908,13940,1637235,117448.7087517934,90562.0,midwest,27037,Dakota County
red-oak-park,Red Oak Park,Burnsville,Dakota County,"Dakota County, MN",MN,USA,10,3.0,44.7860056,-93.2331533,55337,743.908,24280,1609515,66289.744645799,90562.0,midwest,27037,Dakota County
airborn-disc-golf-lynx,Airborn Disc Golf - Lynx,Clearwater,Wright County,"Wright County, MN",MN,USA,18,,45.4092713,-94.0359062,55320,200.686,2610,223475,85622.60536398468,85855.0,midwest,27171,Wright County
airborn-disc-golf-timberwolf,Airborn Disc Golf - Timberwolf,Clearwater,Wright County,"Wright County, MN",MN,USA,18,,45.4092713,-94.0359062,55320,200.686,2610,223475,85622.60536398468,85855.0,midwest,27171,Wright County
black-bear,Black Bear,Clearwater,Wright County,"Wright County, MN",MN,USA,18,,45.4194099,-94.0488721,55320,200.686,2610,223475,85622.60536398468,85855.0,midwest,27171,Wright County
eldorado-park,Eldorado Park,Clearwater,Wright County,"Wright County, MN",MN,USA,4,,45.4030085,-94.0494238,55320,200.686,2610,223475,85622.60536398468,85855.0,midwest,27171,Wright County
clearwaterpleasant-lake,Clearwater/Pleasant Lake,Annandale,Wright County,"Wright County, MN",MN,USA,18,4.0,45.281714,-94.11394,55302,200.686,3540,272202,76893.22033898305,85855.0,midwest,27171,Wright County
montissippi-regional-park,Montissippi Regional Park,Monticello,Wright County,"Wright County, MN",MN,USA,18,,45.3239706,-93.8311017,55362,200.686,9730,676079,69483.96711202466,85855.0,midwest,27171,Wright County
par-west,Par-West,Monticello,Wright County,"Wright County, MN",MN,USA,9,3.0,45.307432399999996,-93.7938365,55362,200.686,9730,676079,69483.96711202466,85855.0,midwest,27171,Wright County
rainbow-acres,Rainbow Acres,Howard Lake,Wright County,"Wright County, MN",MN,USA,18,,45.061266499999995,-94.0742843,55349,200.686,1920,118580,61760.41666666666,85855.0,midwest,27171,Wright County
west-pulaski,West Pulaski,Buffalo,Wright County,"Wright County, MN",MN,USA,9,3.0,45.201947,-93.8637574,55313,200.686,11800,896645,75986.86440677968,85855.0,midwest,27171,Wright County
white-tail-park,White Tail Park,Montrose,Wright County,"Wright County, MN",MN,USA,12,3.0,45.0822248,-93.9354495,55363,200.686,2350,141341,60145.10638297872,85855.0,midwest,27171,Wright County
sportsmans-hill,Sportsmans Hill,Clearwater,Stearns County,"Stearns County, MN",MN,USA,18,3.0,45.4247426,-94.0586389,55320,116.756,2610,223475,85622.60536398468,66317.0,midwest,27145,Stearns County
calvary-hill-park,Calvary Hill Park,St. Cloud,Stearns County,"Stearns County, MN",MN,USA,18,4.0,45.5397106,-94.1736543,56301,116.756,14920,974039,65284.11528150135,66317.0,midwest,27145,Stearns County
hidden-lake,Hidden Lake,St. Augusta,Stearns County,"Stearns County, MN",MN,USA,18,2.0,45.4587061,-94.20210759999999,56301,116.756,14920,974039,65284.11528150135,66317.0,midwest,27145,Stearns County
st-cloud-va-medical-center,St. Cloud VA Medical Center,St. Cloud,Stearns County,"Stearns County, MN",MN,USA,9,,45.535396999999996,-94.181596,56301,116.756,14920,974039,65284.11528150135,66317.0,midwest,27145,Stearns County
milk-honey-cidery,Milk & Honey Cidery,St. Joseph,Stearns County,"Stearns County, MN",MN,USA,9,,45.5603828,-94.3518905,56374,116.756,4120,275979,66985.19417475727,66317.0,midwest,27145,Stearns County
millstream-park,Millstream Park,St. Joseph,Stearns County,"Stearns County, MN",MN,USA,18,,45.5702771,-94.3291772,56374,116.756,4120,275979,66985.19417475727,66317.0,midwest,27145,Stearns County
saint-johns-abbey-run-disc-golf-course,Saint John's Abbey Run Disc Golf Course,Collegeville Township,Stearns County,"Stearns County, MN",MN,USA,9,,45.579933200000006,-94.3922138,56374,116.756,4120,275979,66985.19417475727,66317.0,midwest,27145,Stearns County
mississippi-river-park,Mississippi River Park,St. Stephen,Stearns County,"Stearns County, MN",MN,USA,18,,45.7224271,-94.2296984,56367,116.756,3440,242351,70450.87209302325,66317.0,midwest,27145,Stearns County
north-park-0,North Park,Albany,Stearns County,"Stearns County, MN",MN,USA,18,,45.640401000000004,-94.5643223,56307,116.756,2420,161485,66729.33884297521,66317.0,midwest,27145,Stearns County
northside-park-1,Northside Park,Sartell,Stearns County,"Stearns County, MN",MN,USA,12,,45.6359711,-94.2170397,56377,116.756,9600,811873,84570.10416666666,66317.0,midwest,27145,Stearns County
rivers-edge-park,River's Edge Park,Waite Park,Stearns County,"Stearns County, MN",MN,USA,12,,45.5608929,-94.23227299999999,56387,116.756,4030,180770,44856.079404466494,66317.0,midwest,27145,Stearns County
sauk-river-park-disc-golf,Sauk River Park Disc Golf,Melrose,Stearns County,"Stearns County, MN",MN,USA,9,,45.6779342,-94.8049802,56352,116.756,2610,150985,57848.659003831424,66317.0,midwest,27145,Stearns County
aitkin-city-park,Aitkin City Park,Aitkin,Aitkin County,"Aitkin County, MN",MN,USA,9,,46.530300200000006,-93.7105563,56431,8.692,4110,236826,57621.89781021897,49822.0,midwest,27001,Aitkin County
nordland-tall-grass-disc-golf-course,Nordland Tall Grass Disc Golf Course,Aitkin,Aitkin County,"Aitkin County, MN",MN,USA,9,,46.533012899999996,-93.7102493,56431,8.692,4110,236826,57621.89781021897,49822.0,midwest,27001,Aitkin County
covenant-pines-disc-golf-course,Covenant Pines Disc Golf Course,McGregor,Aitkin County,"Aitkin County, MN",MN,USA,9,,46.6450386,-93.3717803,55760,8.692,1320,67473,51115.90909090909,49822.0,midwest,27001,Aitkin County
american-legion-park-0,American Legion Park,Brainerd,Crow Wing County,"Crow Wing County, MN",MN,USA,9,,46.3565911,-94.1985834,56401,63.913,14490,807686,55740.924775707375,58213.0,midwest,27035,Crow Wing County
central-lakes-college-disc-golf-course,Central Lakes College Disc Golf Course,Brainerd,Crow Wing County,"Crow Wing County, MN",MN,USA,9,5.0,46.3455802,-94.216162,56401,63.913,14490,807686,55740.924775707375,58213.0,midwest,27035,Crow Wing County
crow-wing-lake-camp,Crow Wing Lake Camp,Brainerd,Crow Wing County,"Crow Wing County, MN",MN,USA,9,1.0,46.2368217,-94.3468196,56401,63.913,14490,807686,55740.924775707375,58213.0,midwest,27035,Crow Wing County
lum-park,Lum Park,Brainerd,Crow Wing County,"Crow Wing County, MN",MN,USA,9,5.0,46.3684749,-94.1650628,56401,63.913,14490,807686,55740.924775707375,58213.0,midwest,27035,Crow Wing County
city-breezy-point-disc-golf-course-0,City of Breezy Point Disc Golf Course,Breezy Point,Crow Wing County,"Crow Wing County, MN",MN,USA,18,4.0,46.6084441,-94.2298205,56472,63.913,4060,247239,60896.30541871921,58213.0,midwest,27035,Crow Wing County
pequot-lakes-baptist-church,Pequot Lakes Baptist Church,Pequot Lakes,Crow Wing County,"Crow Wing County, MN",MN,USA,9,,46.588819,-94.307872,56472,63.913,4060,247239,60896.30541871921,58213.0,midwest,27035,Crow Wing County
crosslake-community-center,Crosslake Community Center,Crosslake,Crow Wing County,"Crow Wing County, MN",MN,USA,9,3.0,46.696888,-94.10486440000001,56442,63.913,1430,148652,103952.44755244756,58213.0,midwest,27035,Crow Wing County
lusk-park,Lusk Park,Ironton,Crow Wing County,"Crow Wing County, MN",MN,USA,9,4.0,46.4746506,-93.9770525,56455,63.913,760,41011,53961.84210526317,58213.0,midwest,27035,Crow Wing County
st-mathias-disc-golf,St. Mathias Disc Golf,Fort Ripley,Crow Wing County,"Crow Wing County, MN",MN,USA,9,5.0,46.2202024,-94.2492528,56449,63.913,780,49449,63396.15384615385,58213.0,midwest,27035,Crow Wing County
appleton-disc-golf-course,Appleton Disc Golf Course,Appleton,Swift County,"Swift County, MN",MN,USA,9,,45.2065668,-96.0118199,56208,12.682,890,48210,54168.539325842685,59165.0,midwest,27151,Swift County
armbruster-disc-golf-course,Armbruster Disc Golf Course,Rochester,Olmsted County,"Olmsted County, MN",MN,USA,9,,44.01090960000001,-92.448538,55906,234.278,9600,874082,91050.20833333331,82683.0,midwest,27109,Olmsted County
bear-cave-park,Bear Cave Park,Stewartville,Olmsted County,"Olmsted County, MN",MN,USA,18,5.0,43.860331,-92.5012291,55976,234.278,3970,248329,62551.3853904282,82683.0,midwest,27109,Olmsted County
ironwood-springs-christian-ranch,Ironwood Springs Christian Ranch,Stewartville,Olmsted County,"Olmsted County, MN",MN,USA,9,,43.845712,-92.581757,55976,234.278,3970,248329,62551.3853904282,82683.0,midwest,27109,Olmsted County
caryl-cowden-park,Caryl Cowden Park,Oronoco,Olmsted County,"Olmsted County, MN",MN,USA,7,,44.160478499999996,-92.5355968,55960,234.278,1610,163670,101658.3850931677,82683.0,midwest,27109,Olmsted County
east-park-0,East Park,Rochester,Olmsted County,"Olmsted County, MN",MN,USA,9,,44.0245124,-92.4414926,55904,234.278,14310,805492,56288.74912648498,82683.0,midwest,27109,Olmsted County
rochester-community-and-technical-college-disc-golf-course,Rochester Community and Technical College Disc Golf Course,Rochester,Olmsted County,"Olmsted County, MN",MN,USA,9,,44.0146222,-92.4233987,55904,234.278,14310,805492,56288.74912648498,82683.0,midwest,27109,Olmsted County
slatterly-park,Slatterly Park,Rochester,Olmsted County,"Olmsted County, MN",MN,USA,9,,44.0150871,-92.45299759999999,55904,234.278,14310,805492,56288.74912648498,82683.0,midwest,27109,Olmsted County
klingvall-park-dgc,Klingvall Park Disc Golf Course,Byron,Olmsted County,"Olmsted County, MN",MN,USA,7,,43.860331,-92.5012291,55920,234.278,4030,354007,87842.92803970222,82683.0,midwest,27109,Olmsted County
mill-creek-park,Mill Creek Park,Chatfield,Olmsted County,"Olmsted County, MN",MN,USA,9,,43.8457185,-92.1947743,55923,234.278,2230,154293,69189.68609865471,82683.0,midwest,27109,Olmsted County
west-side-park,West Side Park,Eyota,Olmsted County,"Olmsted County, MN",MN,USA,9,3.0,43.9855731,-92.2378123,55934,234.278,1670,116345,69667.66467065868,82683.0,midwest,27109,Olmsted County
arvig-park,Arvig Park,Perham,Otter Tail County,"Otter Tail County, MN",MN,USA,18,,46.6034638,-95.5692652,56573,29.407,3330,214228,64332.73273273272,67329.0,midwest,27111,Otter Tail County
battle-lake-park,Battle Lake Park,Battle Lake,Otter Tail County,"Otter Tail County, MN",MN,USA,6,,46.2886143,-95.7153158,56515,29.407,1540,101800,66103.8961038961,67329.0,midwest,27111,Otter Tail County
oasis-disc-golf-gods-acres,Oasis Disc Golf at God's Acres,Amor,Otter Tail County,"Otter Tail County, MN",MN,USA,9,,46.4132643,-95.7373405,56515,29.407,1540,101800,66103.8961038961,67329.0,midwest,27111,Otter Tail County
delagoon-disc-golf-course,Delagoon Disc Golf Course,Fergus Falls,Otter Tail County,"Otter Tail County, MN",MN,USA,27,4.0,46.2568926,-96.0417339,56537,29.407,9120,545735,59839.364035087725,67329.0,midwest,27111,Otter Tail County
fergus-falls-community-college,Fergus Falls Community College,Fergus Falls,Otter Tail County,"Otter Tail County, MN",MN,USA,12,,46.2907371,-96.096611,56537,29.407,9120,545735,59839.364035087725,67329.0,midwest,27111,Otter Tail County
henning-city-park-disc-golf-course,Henning City Park Disc Golf Course,Henning,Otter Tail County,"Otter Tail County, MN",MN,USA,9,,46.3216278,-95.4453161,56551,29.407,1030,50660,49184.46601941748,67329.0,midwest,27111,Otter Tail County
island-9,Island 9,Henning,Otter Tail County,"Otter Tail County, MN",MN,USA,9,,46.320910999999995,-95.4447788,56551,29.407,1030,50660,49184.46601941748,67329.0,midwest,27111,Otter Tail County
bagley-city-park,Bagley City Park,Bagley,Clearwater County,"Clearwater County, MN",MN,USA,9,,47.5284893,-95.39903129999999,56621,8.821,2030,101067,49786.69950738916,51147.0,midwest,27029,Clearwater County
baker-campground,Baker Campground,Maple Plain,Hennepin County,"Hennepin County, MN",MN,USA,2,,45.01647,-93.639586,55359,2231.753,3160,573044,181343.0379746836,81772.0,midwest,27053,Hennepin County
pioneer-creek-park,Pioneer Creek Park,Independence,Hennepin County,"Hennepin County, MN",MN,USA,9,,45.01590170000001,-93.691112,55359,2231.753,3160,573044,181343.0379746836,81772.0,midwest,27053,Hennepin County
bassett-creek-park,Bassett Creek Park,Crystal,Hennepin County,"Hennepin County, MN",MN,USA,15,3.0,45.0136149,-93.3525297,55422,2231.753,15370,1295556,84291.21665582302,81772.0,midwest,27053,Hennepin County
wirth-par-3,Wirth Par 3,Golden Valley,Hennepin County,"Hennepin County, MN",MN,USA,18,1.0,44.9909461,-93.3263546,55422,2231.753,15370,1295556,84291.21665582302,81772.0,midwest,27053,Hennepin County
blake-middle-school-disc-golf-course,Blake Middle School Disc Golf Course,Hopkins,Hennepin County,"Hennepin County, MN",MN,USA,9,1.0,44.92180820000001,-93.3899394,55343,2231.753,14650,1114054,76044.64163822525,81772.0,midwest,27053,Hennepin County
brookview-blue-course,Brookview - Blue Course,Golden Valley,Hennepin County,"Hennepin County, MN",MN,USA,18,,44.9755637,-93.3861433,55426,2231.753,14420,1097084,76080.72122052705,81772.0,midwest,27053,Hennepin County
brookview-winter-disc-golf-course,Brookview - Red Course,Golden Valley,Hennepin County,"Hennepin County, MN",MN,USA,18,,44.975906099999996,-93.3853744,55426,2231.753,14420,1097084,76080.72122052705,81772.0,midwest,27053,Hennepin County
bryant-lake-park,Bryant Lake Park,Eden Prairie,Hennepin County,"Hennepin County, MN",MN,USA,18,4.0,44.883633,-93.42546999999999,55344,2231.753,8150,711998,87361.71779141104,81772.0,midwest,27053,Hennepin County
ge-capital-fleet-disc-golf-course,GE Capital Fleet Disc Golf Course,Eden Prairie,Hennepin County,"Hennepin County, MN",MN,USA,3,,44.865243,-93.40946290000001,55344,2231.753,8150,711998,87361.71779141104,81772.0,midwest,27053,Hennepin County
staring-lake-park,Staring Lake Park,Eden Prairie,Hennepin County,"Hennepin County, MN",MN,USA,9,4.0,44.834828200000004,-93.463161,55344,2231.753,8150,711998,87361.71779141104,81772.0,midwest,27053,Hennepin County
central-park,Central Park,Brooklyn Park,Hennepin County,"Hennepin County, MN",MN,USA,9,3.0,45.1075222,-93.34413520000001,55443,2231.753,17970,1212740,67486.92264885921,81772.0,midwest,27053,Hennepin County
orchard-trail-park,Orchard Trail Park,Brooklyn Park,Hennepin County,"Hennepin County, MN",MN,USA,3,2.0,45.1475116,-93.3513662,55443,2231.753,17970,1212740,67486.92264885921,81772.0,midwest,27053,Hennepin County
eagles-edge,Eagle's Edge,Brooklyn Park,Hennepin County,"Hennepin County, MN",MN,USA,9,3.0,45.097620299999996,-93.3789054,55445,2231.753,6760,476238,70449.40828402367,81772.0,midwest,27053,Hennepin County
hennepin-tech-brooklyn-park,Hennepin Tech Brooklyn Park,Brooklyn Park,Hennepin County,"Hennepin County, MN",MN,USA,9,,45.0961983,-93.3981069,55445,2231.753,6760,476238,70449.40828402367,81772.0,midwest,27053,Hennepin County
elm-creek-park-reserve,Elm Creek Park Reserve,Maple Grove,Hennepin County,"Hennepin County, MN",MN,USA,18,4.0,45.13822879999999,-93.4379675,55369,2231.753,19930,1628656,81718.81585549423,81772.0,midwest,27053,Hennepin County
galloway-park,Galloway Park,Champlin,Hennepin County,"Hennepin County, MN",MN,USA,9,2.0,45.200640299999996,-93.4211196,55316,2231.753,12460,982774,78874.31781701444,81772.0,midwest,27053,Hennepin County
hassan-meadows-park,Hassan Meadows Park,Rogers,Hennepin County,"Hennepin County, MN",MN,USA,9,2.0,45.1901723,-93.5623829,55374,2231.753,7370,750591,101844.09769335145,81772.0,midwest,27053,Hennepin County
hennepin-tech-eden-prairie,Hennepin Tech Eden Prairie,Eden Prairie,Hennepin County,"Hennepin County, MN",MN,USA,9,2.0,44.835907,-93.4434859,55347,2231.753,15500,2607936,168253.93548387097,81772.0,midwest,27053,Hennepin County
riley-lake-disc-golf-practice-area,Riley Lake Disc Golf Practice Area,Eden Prairie,Hennepin County,"Hennepin County, MN",MN,USA,4,,44.8350751,-93.5120004,55347,2231.753,15500,2607936,168253.93548387097,81772.0,midwest,27053,Hennepin County
hopkins-west-junior-high-school,Hopkins West Junior High School,Minnetonka,Hennepin County,"Hennepin County, MN",MN,USA,9,,44.9329525,-93.4491051,55305,2231.753,11890,1528413,128546.08915054669,81772.0,midwest,27053,Hennepin County
hyland-ski-snowboard-short-9,Hyland Ski & Snowboard - Short 9,Bloomington,Hennepin County,"Hennepin County, MN",MN,USA,9,,44.84363,-93.36361099999999,55438,2231.753,9500,992494,104473.05263157896,81772.0,midwest,27053,Hennepin County
hyland-ski-and-snowboard-area,Hyland Ski and Snowboard Area,Bloomington,Hennepin County,"Hennepin County, MN",MN,USA,18,4.0,44.84363,-93.36361099999999,55438,2231.753,9500,992494,104473.05263157896,81772.0,midwest,27053,Hennepin County
hyland-visitor-center,Hyland Visitor Center,Bloomington,Hennepin County,"Hennepin County, MN",MN,USA,3,,44.824839399999995,-93.3717703,55438,2231.753,9500,992494,104473.05263157896,81772.0,midwest,27053,Hennepin County
kenneth-rosland-park,Kenneth Rosland Park,Edina,Hennepin County,"Hennepin County, MN",MN,USA,9,3.0,44.8845687,-93.335275,55435,2231.753,7560,781506,103373.80952380953,81772.0,midwest,27053,Hennepin County
lake-minnetonka-regional-park,Lake Minnetonka Regional Park,Minnestrista,Hennepin County,"Hennepin County, MN",MN,USA,3,,44.894425399999996,-93.6748143,55364,2231.753,7860,1088109,138436.25954198473,81772.0,midwest,27053,Hennepin County
minnehaha-fallswabun-picnic-disc-golf-course,Minnehaha Falls/Wabun Picnic Disc Golf Course,Minneapolis,Hennepin County,"Hennepin County, MN",MN,USA,9,3.0,44.9148565,-93.2047077,55417,2231.753,13580,1138618,83845.21354933726,81772.0,midwest,27053,Hennepin County
moir-park,Moir Park,Bloomington,Hennepin County,"Hennepin County, MN",MN,USA,9,2.0,44.817168,-93.30699090000002,55431,2231.753,10840,789068,72792.25092250922,81772.0,midwest,27053,Hennepin County
nelson-park,Nelson Park,Long Lake,Hennepin County,"Hennepin County, MN",MN,USA,9,,44.9868747,-93.5691988,55356,2231.753,2770,740954,267492.4187725632,81772.0,midwest,27053,Hennepin County
plymouth-creek-woods-disc-golf-course,Plymouth Creek Woods Disc Golf Course,Plymouth,Hennepin County,"Hennepin County, MN",MN,USA,15,3.0,45.02332670000001,-93.4658918,55441,2231.753,9780,927401,94826.27811860939,81772.0,midwest,27053,Hennepin County
rose-creek-disc-golf-course,Rose Creek Disc Golf Course,Rose Creek,Hennepin County,"Hennepin County, MN",MN,USA,9,,45.0130852,-93.3541352,55970,2231.753,420,25314,60271.428571428565,81772.0,midwest,27053,Hennepin County
sunnyside-park,Sunnyside Park,New Hope,Hennepin County,"Hennepin County, MN",MN,USA,9,4.0,45.0409348,-93.3769416,55428,2231.753,15610,796491,51024.407431133885,81772.0,midwest,27053,Hennepin County
wildwood-springs-disc-golf-course,Wildwood Springs Disc Golf Course,Dayton,Hennepin County,"Hennepin County, MN",MN,USA,9,,45.213845,-93.432994,55327,2231.753,2360,251746,106672.0338983051,81772.0,midwest,27053,Hennepin County
zachary-playfield,Zachary Playfield,Plymouth,Hennepin County,"Hennepin County, MN",MN,USA,9,1.0,45.0350384,-93.4212391,55442,2231.753,7110,750311,105528.97327707458,81772.0,midwest,27053,Hennepin County
balaton-disc-golf-course,Balaton Disc Golf Course,Balaton,Murray County,"Murray County, MN",MN,USA,9,1.0,44.166444399999996,-95.9386942,56115,11.853,620,36432,58761.290322580644,63414.0,midwest,27101,Murray County
seven-mile-lake-park,Seven Mile Lake Park,Fulda,Murray County,"Murray County, MN",MN,USA,9,,43.8600323,-95.60195420000001,56131,11.853,1090,62122,56992.66055045872,63414.0,midwest,27101,Murray County
slayton-disc-golf-course,Slayton Disc Golf Course,Slayton,Murray County,"Murray County, MN",MN,USA,9,1.0,43.990938299999996,-95.7532031,56172,11.853,1480,96227,65018.24324324324,63414.0,midwest,27101,Murray County
current-lake-disc-golf-course-swenson-park,Current Lake Disc Golf Course at Swenson Park,Balaton,Lyon County,"Lyon County, MN",MN,USA,9,,44.2361111,-95.8716667,56115,36.161,620,36432,58761.290322580644,63255.0,midwest,27083,Lyon County
garvin-park-lyon-county,Garvin Park - Lyon County,Garvin,Lyon County,"Lyon County, MN",MN,USA,9,,44.260537400000004,-95.7556069,56132,36.161,270,19019,70440.74074074072,63255.0,midwest,27083,Lyon County
lakeview-dgc,Lakeview Schools Disc Golf Course,Cottonwood,Lyon County,"Lyon County, MN",MN,USA,9,,44.6155235,-95.6671137,56229,36.161,880,62116,70586.36363636365,63255.0,midwest,27083,Lyon County
sw-minnesota-state-university-disc-golf-course,SW Minnesota State University Disc Golf Course,Marshall,Lyon County,"Lyon County, MN",MN,USA,12,,44.4561597,-95.759877,56258,36.161,7020,439510,62608.2621082621,63255.0,midwest,27083,Lyon County
bandimere-park-disc-golf-course,Bandimere Park Disc Golf Course,Chanhassen,Carver County,"Carver County, MN",MN,USA,9,4.0,44.8357945,-93.5361814,55317,283.401,10880,1528451,140482.62867647054,107932.0,midwest,27019,Carver County
baylor-park,Baylor Park,Norwood Young America,Carver County,"Carver County, MN",MN,USA,18,2.0,44.810377700000004,-93.9404386,55397,283.401,1470,98822,67225.85034013605,107932.0,midwest,27019,Carver County
chaska-middle-school,Chaska Middle School,Chaska,Carver County,"Carver County, MN",MN,USA,9,3.0,44.8072624,-93.60009649999999,55318,283.401,14130,1315229,93080.60863411182,107932.0,midwest,27019,Carver County
downs-farm,Downs Farm,Chaska,Carver County,"Carver County, MN",MN,USA,10,,44.846835999999996,-93.62687679999999,55318,283.401,14130,1315229,93080.60863411182,107932.0,midwest,27019,Carver County
crown-college-disc-golf-course,Crown College Disc Golf Course,St. Bonifacius,Carver County,"Carver County, MN",MN,USA,18,3.0,44.8850525,-93.7444925,55387,283.401,6710,667163,99428.16691505216,107932.0,midwest,27019,Carver County
lions-park-iv,Lions Park IV,Cologne,Carver County,"Carver County, MN",MN,USA,9,4.0,44.768350399999996,-93.78768409999999,55322,283.401,1760,141476,80384.09090909091,107932.0,midwest,27019,Carver County
barsness-park-disc-golf-course,Barsness Park Disc Golf Course,Glenwood,Pope County,"Pope County, MN",MN,USA,9,3.0,45.6409404,-95.3825262,56334,16.395,2910,201099,69106.18556701031,64306.0,midwest,27121,Pope County
bass-lake-camp-disc-golf-course,Bass Lake Camp Disc Golf Course,Winnebago,Faribault County,"Faribault County, MN",MN,USA,9,,43.8125161,-94.0729387,56098,19.504,990,50060,50565.65656565657,55599.0,midwest,27043,Faribault County
putnam-park,Putnam Park,Blue Earth,Faribault County,"Faribault County, MN",MN,USA,9,,43.629461299999996,-94.10213459999999,56013,19.504,2100,120878,57560.95238095236,55599.0,midwest,27043,Faribault County
becker-city-park,Becker City Park,Becker,Sherburne County,"Sherburne County, MN",MN,USA,18,4.0,45.4180174,-93.872056,55308,215.355,4520,320901,70995.79646017699,92673.0,midwest,27141,Sherburne County
hudson-woods,Hudson Woods,Big Lake,Sherburne County,"Sherburne County, MN",MN,USA,6,,45.3315026,-93.686178,55309,215.355,9730,682890,70183.96711202466,92673.0,midwest,27141,Sherburne County
river-oaks-park,River Oaks Park,Big Lake,Sherburne County,"Sherburne County, MN",MN,USA,12,3.0,45.3574746,-93.74245529999999,55309,215.355,9730,682890,70183.96711202466,92673.0,midwest,27141,Sherburne County
lions-park-iii,Lions Park III,Elk River,Sherburne County,"Sherburne County, MN",MN,USA,9,2.0,45.3088653,-93.5712958,55330,215.355,20510,1588164,77433.64212579229,92673.0,midwest,27141,Sherburne County
riverside-park-0,Riverside Park,St. Cloud,Sherburne County,"Sherburne County, MN",MN,USA,18,,45.545510799999995,-94.143043,56304,215.355,7480,380246,50835.02673796792,92673.0,midwest,27141,Sherburne County
zimmerman-city-park-dgc,Zimmerman City Park DGC,Zimmerman,Sherburne County,"Sherburne County, MN",MN,USA,18,4.0,45.4377948,-93.584827,55398,215.355,8120,575155,70831.89655172414,92673.0,midwest,27141,Sherburne County
bemidji-discgolf-park,Bemidji DiscGolf Park,Bemidji,Beltrami County,"Beltrami County, MN",MN,USA,18,,47.4903943,-94.89931329999999,56601,18.41,15120,902538,59691.66666666666,58138.0,midwest,27007,Beltrami County
moose-lake-resort-disc-golf,Moose Lake Resort Disc Golf,Blackduck,Beltrami County,"Beltrami County, MN",MN,USA,9,,47.5411927,-94.47739399999999,56630,18.41,1120,49764,44432.142857142855,58138.0,midwest,27007,Beltrami County
bertha-hewitt-school-disc-golf-course,Bertha-Hewitt School Disc Golf Course,Bertha,Lake County,"Lake County, MN",MN,USA,9,,42.40915560000001,-87.8621946,56437,5.011,490,19202,39187.755102040814,63741.0,midwest,27075,Lake County
plummer-disc-golf-course,Plummer Disc Golf Course,Plummer,Lake County,"Lake County, MN",MN,USA,9,,42.40915560000001,-87.8621946,56748,5.011,270,14300,52962.962962962956,63741.0,midwest,27075,Lake County
bigfork-disc-golf-course,Bigfork Disc Golf Course,Bigfork,Itasca County,"Itasca County, MN",MN,USA,9,,47.742639000000004,-93.6580192,56628,16.944000000000006,700,41675,59535.71428571429,59365.0,midwest,27061,Itasca County
itasca-community-college-disc-golf-course,Itasca Community College Disc Golf Course,Grand Rapids,Itasca County,"Itasca County, MN",MN,USA,9,1.0,47.2415549,-93.4954985,55744,16.944000000000006,9570,581189,60730.303030303025,59365.0,midwest,27061,Itasca County
legion-park-disc-golf-course-0,Legion Park Disc Golf Course,Grand Rapids,Itasca County,"Itasca County, MN",MN,USA,18,,47.2487343,-93.53707729999999,55744,16.944000000000006,9570,581189,60730.303030303025,59365.0,midwest,27061,Itasca County
northern-lights-community,Northern Lights Community,Warba,Itasca County,"Itasca County, MN",MN,USA,9,,47.1284099,-93.2702627,55793,16.944000000000006,280,16293,58189.28571428571,59365.0,midwest,27061,Itasca County
bingo-park,Bingo Park,Randall,Morrison County,"Morrison County, MN",MN,USA,9,,46.089656299999994,-94.4992983,56475,29.286,760,38796,51047.36842105263,62618.0,midwest,27097,Morrison County
borgstrom-park-disc-golf-reserve,Borgstrom Park Disc Golf Reserve,Upsala,Morrison County,"Morrison County, MN",MN,USA,9,,45.807854,-94.5744495,56384,29.286,190,8399,44205.263157894726,62618.0,midwest,27097,Morrison County
camp-ripley-disc-golf-course,Camp Ripley Disc Golf Course,Little Falls,Morrison County,"Morrison County, MN",MN,USA,12,,46.037633,-94.34105799999999,56345,29.286,7010,386064,55073.323823109844,62618.0,midwest,27097,Morrison County
lebourget-park-disc-golf-course,Le Bourget Park Disc Golf Course,Little Falls,Morrison County,"Morrison County, MN",MN,USA,9,,45.981608,-94.36866640000001,56345,29.286,7010,386064,55073.323823109844,62618.0,midwest,27097,Morrison County
windy-pines,Windy Pines,Little Falls,Morrison County,"Morrison County, MN",MN,USA,9,,45.9805556,-94.3694444,56345,29.286,7010,386064,55073.323823109844,62618.0,midwest,27097,Morrison County
blue-heron-disc-golf-olcott-park,Blue Heron Disc Golf at Olcott Park,Virginia,St. Louis County,"St. Louis County, MN",MN,USA,12,4.0,47.5293756,-92.5505005,55792,32.026,4530,235644,52018.54304635762,57972.0,midwest,27137,St. Louis County
chisholm-disc-golf-course,Chisholm Disc Golf Course,Chisholm,St. Louis County,"St. Louis County, MN",MN,USA,18,,47.481694299999994,-92.8720688,55719,32.026,2580,132905,51513.56589147287,57972.0,midwest,27137,St. Louis County
college-st-scholastica,College of St. Scholastica,Duluth,St. Louis County,"St. Louis County, MN",MN,USA,6,,46.8163661,-92.10809990000001,55811,32.026,12570,966305,76873.9061256961,57972.0,midwest,27137,St. Louis County
miller-creek,Miller Creek,Duluth,St. Louis County,"St. Louis County, MN",MN,USA,9,2.0,46.814029299999994,-92.1791418,55811,32.026,12570,966305,76873.9061256961,57972.0,midwest,27137,St. Louis County
enger-park,Enger Park,Duluth,St. Louis County,"St. Louis County, MN",MN,USA,18,,46.776571600000004,-92.1310003,55806,32.026,4370,173539,39711.44164759725,57972.0,midwest,27137,St. Louis County
lincoln-park-disc-golf-course,Lincoln Park Disc Golf Course,Duluth,St. Louis County,"St. Louis County, MN",MN,USA,9,3.0,46.78047120000001,-92.1411947,55806,32.026,4370,173539,39711.44164759725,57972.0,midwest,27137,St. Louis County
eveleth-disc-golf-course,Eveleth Disc Golf Course,Eveleth,St. Louis County,"St. Louis County, MN",MN,USA,9,,47.4636388,-92.52076890000001,55734,32.026,2920,171255,58648.97260273973,57972.0,midwest,27137,St. Louis County
fountain-hill-park-disc-golf-course,Fountain Hill Park Disc Golf Course,Babbitt,St. Louis County,"St. Louis County, MN",MN,USA,9,3.0,47.7119941,-91.9507446,55706,32.026,850,42472,49967.058823529405,57972.0,midwest,27137,St. Louis County
red-pine-run-disc-golf-course,Red Pine Run Disc Golf Course,Babbitt,St. Louis County,"St. Louis County, MN",MN,USA,9,,47.6880979,-91.9490785,55706,32.026,850,42472,49967.058823529405,57972.0,midwest,27137,St. Louis County
grand-view-winter-disc-golf-course,Grand View Winter Disc Golf Course,Duluth,St. Louis County,"St. Louis County, MN",MN,USA,18,,46.714019799999996,-92.2760163,55810,32.026,4390,267866,61017.31207289294,57972.0,midwest,27137,St. Louis County
spirit-mountain-disc-golf,Spirit Mountain Disc Golf,Duluth,St. Louis County,"St. Louis County, MN",MN,USA,18,5.0,46.7182684,-92.2167365,55810,32.026,4390,267866,61017.31207289294,57972.0,midwest,27137,St. Louis County
judson-mine-disc-golf-course,Judson Mine Disc Golf Course,Mountain Iron,St. Louis County,"St. Louis County, MN",MN,USA,18,,47.4884888,-92.7835687,55768,32.026,1390,90388,65027.3381294964,57972.0,midwest,27137,St. Louis County
mountain-iron-dgc,Mountain Iron Disc Golf Course,Mountain Iron,St. Louis County,"St. Louis County, MN",MN,USA,9,,47.4812885,-92.6618671,55768,32.026,1390,90388,65027.3381294964,57972.0,midwest,27137,St. Louis County
west-two-rivers-painted-turtle,West Two Rivers - Painted Turtle,Mountain Iron,St. Louis County,"St. Louis County, MN",MN,USA,9,4.0,47.4812885,-92.6618671,55768,32.026,1390,90388,65027.3381294964,57972.0,midwest,27137,St. Louis County
west-two-rivers-snapping-turtle,West Two Rivers - Snapping Turtle,Mountain Iron,St. Louis County,"St. Louis County, MN",MN,USA,9,2.0,47.4812885,-92.6618671,55768,32.026,1390,90388,65027.3381294964,57972.0,midwest,27137,St. Louis County
morgan-park-middle-school,Morgan Park Middle School,Duluth,St. Louis County,"St. Louis County, MN",MN,USA,7,,46.6874316,-92.2122052,55808,32.026,2760,124238,45013.76811594201,57972.0,midwest,27137,St. Louis County
north-hibbing-dg-park,North Hibbing Disc Golf Park,Hibbing,St. Louis County,"St. Louis County, MN",MN,USA,18,4.0,47.44478529999999,-92.94166740000001,55746,32.026,7750,439748,56741.677419354826,57972.0,midwest,27137,St. Louis County
pine-grove-park,Pine Grove Park,Aurora,St. Louis County,"St. Louis County, MN",MN,USA,9,,47.52809,-92.24601340000001,55705,32.026,1500,81202,54134.66666666666,57972.0,midwest,27137,St. Louis County
quarry-park-1,Quarry Park,Duluth,St. Louis County,"St. Louis County, MN",MN,USA,9,,46.748909399999995,-92.1715656,55807,32.026,4870,215388,44227.51540041068,57972.0,midwest,27137,St. Louis County
side-lake-disc-golf,Side Lake Disc Golf,Side Lake,St. Louis County,"St. Louis County, MN",MN,USA,18,4.0,47.6657791,-93.0125656,55781,32.026,390,31184,79958.97435897436,57972.0,midwest,27137,St. Louis County
university-minnesota-duluth-disc-golf-course,University of Minnesota - Duluth Disc Golf Course,Duluth,St. Louis County,"St. Louis County, MN",MN,USA,9,,46.81877539999999,-92.0843306,55812,32.026,3730,267738,71779.62466487936,57972.0,midwest,27137,St. Louis County
vermilion-community-college,Vermilion Community College,Ely,St. Louis County,"St. Louis County, MN",MN,USA,9,2.0,47.9052946,-91.8379661,55731,32.026,2760,154406,55944.202898550735,57972.0,midwest,27137,St. Louis County
bluff-valley-rv-park-disc-golf-course,Bluff Valley RV Park Disc Golf Course,Zumbro Falls,Wabasha County,"Wabasha County, MN",MN,USA,9,,44.271095,-92.439738,55991,41.11,640,51081,79814.0625,74348.0,midwest,27157,Wabasha County
herb-vik-field,Herb Vik Field,Mazepa,Wabasha County,"Wabasha County, MN",MN,USA,9,,44.26855120000001,-92.54842740000001,55956,41.11,950,64546,67943.15789473684,74348.0,midwest,27157,Wabasha County
jaycee-park-disc-golf-course,Jaycee Park Disc Golf Course,Wabasha,Wabasha County,"Wabasha County, MN",MN,USA,9,,44.3754518,-92.0236059,55981,41.11,2040,142893,70045.58823529413,74348.0,midwest,27157,Wabasha County
bosworth-park,Bosworth Park,Ada,Norman County,"Norman County, MN",MN,USA,6,,47.2932185,-96.50925649999999,56510,7.515,1060,62515,58976.415094339616,50573.0,midwest,27107,Norman County
briargate-disc-golf-course,Briargate Disc Golf Course,Mankato,Blue Earth County,"Blue Earth County, MN",MN,USA,9,1.0,44.1433061,-94.00015959999999,56001,88.684,22150,1276769,57641.941309255075,67193.0,midwest,27013,Blue Earth County
land-memories-campground,Land of Memories Campground,Mankato,Blue Earth County,"Blue Earth County, MN",MN,USA,18,4.0,44.1608901,-94.0396202,56001,88.684,22150,1276769,57641.941309255075,67193.0,midwest,27013,Blue Earth County
msu-mankato-disc-golf-course,MSU-Mankato Disc Golf Course,Mankato,Blue Earth County,"Blue Earth County, MN",MN,USA,9,,44.1433061,-94.00015959999999,56001,88.684,22150,1276769,57641.941309255075,67193.0,midwest,27013,Blue Earth County
daly-county-park-disc-golf-course,Daly County Park Disc Golf Course,Mapleton,Blue Earth County,"Blue Earth County, MN",MN,USA,9,,43.8740377,-93.9993989,56065,88.684,1280,75698,59139.0625,67193.0,midwest,27013,Blue Earth County
campbell-busy-bees-4h-disc-golf-course,Campbell Busy Bees 4H Disc Golf Course,Campbell,Wilkin County,"Wilkin County, MN",MN,USA,9,,46.2920705,-96.5204806,56520,8.447000000000001,1870,114120,61026.73796791444,65769.0,midwest,27167,Wilkin County
headwaters-welles-memorial-park,Headwaters at Welles Memorial Park,Breckenridge,Wilkin County,"Wilkin County, MN",MN,USA,9,,46.26518950000001,-96.595937,56520,8.447000000000001,1870,114120,61026.73796791444,65769.0,midwest,27167,Wilkin County
carleton-college,Carleton College,Northfield,Rice County,"Rice County, MN",MN,USA,9,4.0,44.461363299999995,-93.1559742,55057,132.675,10390,830660,79948.0269489894,74301.0,midwest,27131,Rice County
st-olaf-college,St. Olaf College,Northfield,Rice County,"Rice County, MN",MN,USA,12,3.0,44.462131899999996,-93.18402809999999,55057,132.675,10390,830660,79948.0269489894,74301.0,midwest,27131,Rice County
faribault-middle-school-disc-golf-course,Faribault Middle School Disc Golf Course,Faribault,Rice County,"Rice County, MN",MN,USA,9,,44.2704196,-93.27813309999999,55021,132.675,14330,860256,60031.8213538032,74301.0,midwest,27131,Rice County
wapacuta-park-disc-golf-course,Wapacuta Park Disc Golf Course,Faribault,Rice County,"Rice County, MN",MN,USA,9,2.0,44.284934299999996,-93.27125090000001,55021,132.675,14330,860256,60031.8213538032,74301.0,midwest,27131,Rice County
maiden-shade,Maiden Shade,Morristown,Rice County,"Rice County, MN",MN,USA,21,4.0,44.226541299999994,-93.46431240000001,55052,132.675,930,55136,59286.02150537634,74301.0,midwest,27131,Rice County
carlton-disc-golf-sanctuary,Carlton Disc Golf Sanctuary,Carlton,Carlton County,"Carlton County, MN",MN,USA,18,4.0,46.6509106,-92.4269919,55718,41.25899999999999,1550,97544,62931.61290322581,67695.0,midwest,27017,Carlton County
hilltop-park,Hilltop Park,Cloquet,Carlton County,"Carlton County, MN",MN,USA,9,,46.6898732,-92.4486607,55720,41.25899999999999,7890,432838,54859.06210392902,67695.0,midwest,27017,Carlton County
wrenshall-public-school,Wrenshall Public School,Wrenshall,Carlton County,"Carlton County, MN",MN,USA,9,,46.6172309,-92.3826938,55797,41.25899999999999,740,45715,61777.02702702704,67695.0,midwest,27017,Carlton County
cascade-9,Cascade River State Park 9,Lutsen,Cook County,"Cook County, MN",MN,USA,9,,47.708994399999995,-90.5433628,55604,3.657,1920,117498,61196.875,58561.0,midwest,27031,Cook County
lutsen-resort,Lutsen Resort,Lutsen,Cook County,"Cook County, MN",MN,USA,9,3.0,47.724412799999996,-90.4445296,55612,3.657,340,20033,58920.58823529412,58561.0,midwest,27031,Cook County
cedar-creek-central,Cedar Creek Central,Fairmont,Martin County,"Martin County, MN",MN,USA,18,,43.60928670000001,-94.4818068,56031,28.026,6010,458471,76284.6921797005,58578.0,midwest,27091,Martin County
cedar-creek-east,Cedar Creek East,Fairmont,Martin County,"Martin County, MN",MN,USA,18,,43.60928670000001,-94.4818068,56031,28.026,6010,458471,76284.6921797005,58578.0,midwest,27091,Martin County
cedar-creek-west,Cedar Creek West,Fairmont,Martin County,"Martin County, MN",MN,USA,18,,43.60928670000001,-94.4818068,56031,28.026,6010,458471,76284.6921797005,58578.0,midwest,27091,Martin County
martin-county-west-disc-golf-course,Martin County West Disc Golf Course,Sherburn,Martin County,"Martin County, MN",MN,USA,9,5.0,43.60928670000001,-94.4818068,56171,28.026,850,50209,59069.41176470588,58578.0,midwest,27091,Martin County
cedar-valley-resort-disc-golf-course,Cedar Valley Resort Disc Golf Course,Whalen,Fillmore County,"Fillmore County, MN",MN,USA,9,,43.734095,-91.923362,55949,24.252,920,50258,54628.260869565216,66204.0,midwest,27045,Fillmore County
harmony-disc-golf-course,Harmony Disc Golf Course,Harmony,Fillmore County,"Fillmore County, MN",MN,USA,9,,43.5581436,-92.00386040000001,55939,24.252,900,46723,51914.444444444445,66204.0,midwest,27045,Fillmore County
central-park-3,Central Park,Crookston,Polk County,"Polk County, MN",MN,USA,9,,47.7736744,-96.60100759999999,56716,16.027,4030,224273,55650.86848635237,60068.0,midwest,27119,Polk County
northland-community-technical-college,Northland Community & Technical College,East Grand Forks,Polk County,"Polk County, MN",MN,USA,9,2.0,47.947113,-97.0162429,56721,16.027,4840,304310,62873.96694214876,60068.0,midwest,27119,Polk County
red-river-state-rec-area-disc-golf-course,Red River State Rec. Area Disc Golf Course,East Grand Forks,Polk County,"Polk County, MN",MN,USA,12,,47.92964310000001,-97.02915990000001,56721,16.027,4840,304310,62873.96694214876,60068.0,midwest,27119,Polk County
chains-edge-green,Chains Edge - Green,Ogilvie,Kanabec County,"Kanabec County, MN",MN,USA,24,,45.902516,-93.45643000000001,56358,30.683000000000003,1470,75685,51486.394557823114,62422.0,midwest,27065,Kanabec County
chains-edge-red,Chains Edge - Red,Ogilvie,Kanabec County,"Kanabec County, MN",MN,USA,24,,45.902516,-93.45643000000001,56358,30.683000000000003,1470,75685,51486.394557823114,62422.0,midwest,27065,Kanabec County
chinhinta-park-disc-golf-course,Chinhinta Park Disc Golf Course,Montevideo,Kandiyohi County,"Kandiyohi County, MN",MN,USA,9,,45.131506099999996,-95.0344542,56265,53.538,3680,217480,59097.82608695652,65344.0,midwest,27067,Kandiyohi County
green-lake-bible-camp-disc-golf-course,Green Lake Bible Camp Disc Golf Course,Spicer,Kandiyohi County,"Kandiyohi County, MN",MN,USA,9,,45.228596,-94.907093,56288,53.538,2470,246116,99642.1052631579,65344.0,midwest,27067,Kandiyohi County
ridgewater-college,Ridgewater College,Willmar,Kandiyohi County,"Kandiyohi County, MN",MN,USA,9,,45.1385756,-95.07276540000001,56201,53.538,11570,667321,57676.83664649957,65344.0,midwest,27067,Kandiyohi County
robbins-island-disc-golf-course,Robbins Island Disc Golf Course,Willmar,Kandiyohi County,"Kandiyohi County, MN",MN,USA,18,,45.131506099999996,-95.0344542,56201,53.538,11570,667321,57676.83664649957,65344.0,midwest,27067,Kandiyohi County
tadd-lake-disc-golf-course,Tadd Lake Disc Golf Course,Atwater,Kandiyohi County,"Kandiyohi County, MN",MN,USA,18,,45.133447,-94.7879869,56209,53.538,1180,72120,61118.64406779661,65344.0,midwest,27067,Kandiyohi County
lagoon-park-disc-golf-course,Lagoon Park Disc Golf Course,Montevideo,Chippewa County,"Chippewa County, MN",MN,USA,9,,44.95052370000001,-95.72820949999999,56265,20.667,3680,217480,59097.82608695652,63406.0,midwest,27023,Chippewa County
city-park-dgc-0,City Park Disc Golf Course,Cambridge,Isanti County,"Isanti County, MN",MN,USA,9,3.0,45.5705593,-93.2323973,55008,89.432,7830,485020,61943.80587484037,73401.0,midwest,27059,Isanti County
isanti-middle-school-disc-golf-links,Isanti Middle School Disc Golf Links,Isanti,Isanti County,"Isanti County, MN",MN,USA,9,3.0,45.49100000000001,-93.2627505,55008,89.432,7830,485020,61943.80587484037,73401.0,midwest,27059,Isanti County
springvale-disc-golf-course,Springvale Disc Golf Course,Cambridge,Isanti County,"Isanti County, MN",MN,USA,12,4.0,45.5878929,-93.35256820000001,55008,89.432,7830,485020,61943.80587484037,73401.0,midwest,27059,Isanti County
coop,The Coop,Cambridge,Isanti County,"Isanti County, MN",MN,USA,13,,45.57366270000001,-93.2210056,55080,89.432,1360,94121,69206.61764705883,73401.0,midwest,27059,Isanti County
clarkfield-disc-golf-course,Clarkfield Disc Golf Course,Clarkfield,Yellow Medicine County,"Yellow Medicine County, MN",MN,USA,9,,44.797236299999994,-95.8056679,56223,13.0,660,35089,53165.151515151534,62290.0,midwest,27173,Yellow Medicine County
lake-sylvan-disc-golf-course,Lake Sylvan Disc Golf Course,Canby,Yellow Medicine County,"Yellow Medicine County, MN",MN,USA,9,,44.705796899999996,-96.27893359999999,56220,13.0,1330,73337,55140.601503759404,62290.0,midwest,27173,Yellow Medicine County
rice-park-disc-golf-course,River's Edge Disc Golf Course,Granite Falls,Yellow Medicine County,"Yellow Medicine County, MN",MN,USA,9,,44.8099575,-95.5455752,56241,13.0,2040,119061,58363.235294117636,62290.0,midwest,27173,Yellow Medicine County
collins-disc-golf-course,Collins Disc Golf Course,Pine Island,Goodhue County,"Goodhue County, MN",MN,USA,8,,44.20726370000001,-92.65082290000001,55963,61.066,2730,198067,72552.01465201465,73474.0,midwest,27049,Goodhue County
covered-bridge-park-0,Covered Bridge Park ,Zumbrota,Goodhue County,"Goodhue County, MN",MN,USA,9,,44.2991313,-92.6728998,55992,61.066,2430,174852,71955.55555555556,73474.0,midwest,27049,Goodhue County
hannahs-bend-park,Hannah's Bend Park,Cannon Falls,Goodhue County,"Goodhue County, MN",MN,USA,9,2.0,44.5162778,-92.9114588,55009,61.066,4170,328791,78846.76258992808,73474.0,midwest,27049,Goodhue County
memorial-park,Memorial Park,Red Wing,Goodhue County,"Goodhue County, MN",MN,USA,9,,44.5612826,-92.5210311,55066,61.066,9590,632706,65975.59958289885,73474.0,midwest,27049,Goodhue County
minnesota-state-se-technical,Minnesota State SE Technical,Red Wing,Goodhue County,"Goodhue County, MN",MN,USA,9,,44.5357106,-92.52542340000001,55066,61.066,9590,632706,65975.59958289885,73474.0,midwest,27049,Goodhue County
riverside-park-disc-golf-course-0,Riverside Park Disc Golf Course,Kenyon,Goodhue County,"Goodhue County, MN",MN,USA,9,,44.2758175,-92.9881816,55946,61.066,1550,96139,62025.161290322576,73474.0,midwest,27049,Goodhue County
comfort-park,Comfort Park,Wyoming,Chisago County,"Chisago County, MN",MN,USA,9,,45.317881,-92.9371908,55013,131.916,3510,271591,77376.35327635326,85178.0,midwest,27025,Chisago County
dennis-frandsen-park,Dennis Frandsen Park,Braham,Chisago County,"Chisago County, MN",MN,USA,9,4.0,45.7137774,-93.07939590000001,55006,131.916,1850,94150,50891.891891891886,85178.0,midwest,27025,Chisago County
rieger-olson-disc-golf,Rieger Olson Disc Golf,Lent Township,Chisago County,"Chisago County, MN",MN,USA,9,3.0,45.317881,-92.9371908,55079,131.916,4440,320768,72245.04504504504,85178.0,midwest,27025,Chisago County
harder-park-disc-golf-course,Harder Park Disc Golf Course,North Branch,Chisago County,"Chisago County, MN",MN,USA,9,,45.5196148,-92.95130329999999,55056,131.916,7080,450717,63660.593220338975,85178.0,midwest,27025,Chisago County
cosmos-county-park,Cosmos County Park,Cosmos,Meeker County,"Meeker County, MN",MN,USA,9,,44.9349596,-94.6962391,56228,37.948,470,21641,46044.68085106383,66861.0,midwest,27093,Meeker County
lakedale-campground,Lakedale Campground,Dassel,Meeker County,"Meeker County, MN",MN,USA,9,,45.10117570000001,-94.3035102,55325,37.948,2180,148372,68060.5504587156,66861.0,midwest,27093,Meeker County
court-square-park,Court Square Park,Belle Plaine,Scott County,"Scott County, MN",MN,USA,6,,44.6266851,-93.7660258,56011,402.193,4540,317411,69914.31718061674,99924.0,midwest,27139,Scott County
new-market-disc-golf-course,New Market Disc Golf Course,Lakeville,Scott County,"Scott County, MN",MN,USA,18,,44.6168975,-93.34095,55044,402.193,27820,3023478,108680.01437814524,99924.0,midwest,27139,Scott County
lions-park-i,Lions Park I,Shakopee,Scott County,"Scott County, MN",MN,USA,18,3.0,44.7859815,-93.53981490000001,55379,402.193,22700,1849259,81465.15418502201,99924.0,midwest,27139,Scott County
windrose-park,Windrose Park,Elko New Market,Scott County,"Scott County, MN",MN,USA,9,,44.5598127,-93.309788,55020,402.193,1890,177381,93852.38095238096,99924.0,midwest,27139,Scott County
dawson-disc-golf-course,Dawson Disc Golf Course,Dawson,Lac qui Parle County,"Lac qui Parle County, MN",MN,USA,15,,44.927428000000006,-96.0572045,56232,8.853,1070,65625,61331.77570093457,65446.0,midwest,27073,Lac qui Parle County
madison-area-disc-golf-course,Madison Area Disc Golf Course,Madison,Lac qui Parle County,"Lac qui Parle County, MN",MN,USA,9,,45.018336100000006,-96.19175609999999,56256,8.853,1150,72853,63350.43478260869,65446.0,midwest,27073,Lac qui Parle County
detroit-lakes-city-park,Detroit Lakes City Park,Detroit Lakes,Becker County,"Becker County, MN",MN,USA,18,,46.8044331,-95.84191209999999,56501,25.679,8140,534263,65634.27518427519,60159.0,midwest,27005,Becker County
long-lake-park,Long Lake Park,Detroit Lakes,Becker County,"Becker County, MN",MN,USA,9,,46.8247821,-95.8908635,56501,25.679,8140,534263,65634.27518427519,60159.0,midwest,27005,Becker County
meadow-lake-campsite,Meadow Lake Campsite,Detroit Lakes,Becker County,"Becker County, MN",MN,USA,9,,46.7513383,-95.8642141,56501,25.679,8140,534263,65634.27518427519,60159.0,midwest,27005,Becker County
frazee-disc-golf-course,Frazee Disc Golf Course,Frazee,Becker County,"Becker County, MN",MN,USA,9,,46.7227398,-95.70993359999999,56544,25.679,2470,143727,58189.06882591093,60159.0,midwest,27005,Becker County
many-point-scout-camp,Many Point Scout Camp,Ponsford,Becker County,"Becker County, MN",MN,USA,9,,47.0729342,-95.52144240000001,56575,25.679,250,11411,45644.0,60159.0,midwest,27005,Becker County
rainbow-resort,Rainbow Resort,Waubun,Becker County,"Becker County, MN",MN,USA,9,2.0,47.0997314,-95.56737509999999,56589,25.679,790,38084,48207.59493670887,60159.0,midwest,27005,Becker County
disc-o-park-disc-golf-course,Disc-O Park Disc Golf Course,Halstad,Cass County,"Cass County, MN",MN,USA,9,,46.9247295,-96.7805905,56548,14.356,330,20219,61269.696969696975,52271.0,midwest,27021,Cass County
pine-river-backus-schools-disc-golf-course,Pine River Backus Schools Disc Golf Course,Pine River,Cass County,"Cass County, MN",MN,USA,9,,46.726846200000004,-94.4070329,56474,14.356,2030,103095,50785.71428571429,52271.0,midwest,27021,Cass County
dower-lake-oaks-disc-golf-course,Dower Lake Oaks Disc Golf Course,Staples,Todd County,"Todd County, MN",MN,USA,9,3.0,46.3582408,-94.8519022,56479,25.863000000000003,2380,116068,48768.06722689076,52842.0,midwest,27153,Todd County
pine-grove-park-disc-golf-course,Pine Grove Park Disc Golf Course,Staples,Todd County,"Todd County, MN",MN,USA,9,5.0,46.341832000000004,-94.7971416,56479,25.863000000000003,2380,116068,48768.06722689076,52842.0,midwest,27153,Todd County
fairy-lake-disc-golf-course,Fairy Lake Disc Golf Course,Sauk Centre,Todd County,"Todd County, MN",MN,USA,9,3.0,45.7823753,-94.9359436,56378,25.863000000000003,3750,225703,60187.46666666666,52842.0,midwest,27153,Todd County
saukinac-campground-disc-golf,Saukinac Campground Disc Golf,Sauk Centre,Todd County,"Todd County, MN",MN,USA,9,,45.8224281,-94.9153791,56378,25.863000000000003,3750,225703,60187.46666666666,52842.0,midwest,27153,Todd County
lake-charlotte-disc-golf-course,Lake Charlotte Disc Golf Course,Long Prairie,Todd County,"Todd County, MN",MN,USA,9,,45.968889399999995,-94.855243,56347,25.863000000000003,3260,154014,47243.558282208585,52842.0,midwest,27153,Todd County
driesner-park,Driesner Park,Austin,Mower County,"Mower County, MN",MN,USA,18,3.0,43.66553820000001,-92.96511,55912,55.673,13700,865059,63142.992700729934,61565.0,midwest,27099,Mower County
todd-park,Todd Park,Austin,Mower County,"Mower County, MN",MN,USA,21,4.0,43.6899481,-92.9547392,55912,55.673,13700,865059,63142.992700729934,61565.0,midwest,27099,Mower County
grand-meadow-school-disc-golf-course,Grand Meadow School Disc Golf Course,Grand Meadow,Mower County,"Mower County, MN",MN,USA,9,,43.70904,-92.5621022,55936,55.673,930,57089,61386.02150537634,61565.0,midwest,27099,Mower County
edgerton-dgc,Edgerton Disc Golf Course,Edgerton,Pipestone County,"Pipestone County, MN",MN,USA,9,,43.871447499999995,-96.1400562,56128,19.75,890,59060,66359.55056179775,58662.0,midwest,27117,Pipestone County
westview-disc-golf-course-0,Westview Disc Golf Course,Pipestone,Pipestone County,"Pipestone County, MN",MN,USA,12,,44.000747,-96.3353633,56164,19.75,2720,148150,54466.91176470588,58662.0,midwest,27117,Pipestone County
elbow-lake-disc-golf-course,Elbow Lake Disc Golf Course,Elbow Lake,Grant County,"Grant County, MN",MN,USA,9,,45.9869784,-95.96461590000001,56531,10.833,970,63873,65848.45360824742,66740.0,midwest,27051,Grant County
sumac-hills-disc-golf-course,Sumac Hills Disc Golf Course,Barrett,Grant County,"Grant County, MN",MN,USA,18,,45.9107726,-95.89026640000002,56311,10.833,300,15826,52753.33333333333,66740.0,midwest,27051,Grant County
evansville-dgc,Evansville School Disc Golf Course,Evansville,Douglas County,"Douglas County, MN",MN,USA,9,,46.00615120000001,-95.6876411,56326,58.37600000000001,740,40148,54254.05405405405,69848.0,midwest,27041,Douglas County
hidden-meadows,Mont du Lac - Hidden Meadows,Superior,Douglas County,"Douglas County, MN",MN,USA,18,,46.6561884,-92.28750129999999,55810,58.37600000000001,4390,267866,61017.31207289294,69848.0,midwest,27041,Douglas County
foley-high-school,Foley High School,Foley,Benton County,"Benton County, MN",MN,USA,9,,45.6704974,-93.9089677,56329,97.426,3400,209989,61761.470588235294,70143.0,midwest,27009,Benton County
mayhew-creek-park-disc-golf-course,Mayhew Creek Park Disc Golf Course,Sauk Rapids,Benton County,"Benton County, MN",MN,USA,18,4.0,45.610845399999995,-94.1268741,56379,97.426,8520,526103,61749.17840375586,70143.0,midwest,27009,Benton County
osprey-disc-golf-course-benton-beach,Osprey Disc Golf Course at Benton Beach,Rice,Benton County,"Benton County, MN",MN,USA,18,,45.7492571,-94.1662882,56367,97.426,3440,242351,70450.87209302325,70143.0,midwest,27009,Benton County
pine-ridge-disc-golf-course,Pine Ridge Disc Golf Course,Royalton,Benton County,"Benton County, MN",MN,USA,9,4.0,45.7492571,-94.1662882,56373,97.426,1480,92399,62431.75675675676,70143.0,midwest,27009,Benton County
heartland-park-disc-golf-course,Heartland Park Disc Golf Course,Park Rapids,Hubbard County,"Hubbard County, MN",MN,USA,9,,46.9655191,-94.8520574,56470,22.537,4940,283252,57338.461538461524,62750.0,midwest,27057,Hubbard County
nevis-disc-golf-course,Nevis Disc Golf Course,Nevis,Hubbard County,"Hubbard County, MN",MN,USA,5,,46.9655191,-94.8520574,56467,22.537,1180,76312,64671.18644067798,62750.0,midwest,27057,Hubbard County
henton-park,Henton Park,Olivia,Renville County,"Renville County, MN",MN,USA,6,,44.78389050000001,-94.9884062,56277,14.977,1470,86969,59162.5850340136,56296.0,midwest,27129,Renville County
sunrise-park-1,Sunrise Park,Olivia,Renville County,"Renville County, MN",MN,USA,3,,44.7730099,-94.9779074,56277,14.977,1470,86969,59162.5850340136,56296.0,midwest,27129,Renville County
renville-county-west-disc-golf-course,Renville County West Disc Golf Course,Renville,Renville County,"Renville County, MN",MN,USA,9,,44.7920595,-95.2050834,56284,14.977,940,51361,54639.361702127666,56296.0,midwest,27129,Renville County
johnson-park-disc-golf-course,Johnson Park Disc Golf Course,Redwood Falls,Redwood County,"Redwood County, MN",MN,USA,9,,44.550662,-95.125186,56283,17.45,3210,190613,59380.99688473519,61316.0,midwest,27127,Redwood County
kuhar-park-disc-golf-course,Kuhar Park Disc Golf Course,Lamberton,Redwood County,"Redwood County, MN",MN,USA,9,,44.2461593,-95.2746475,56152,17.45,660,36993,56050.0,61316.0,midwest,27127,Redwood County
upper-plum-creek-park,Upper Plum Creek Park,Walnut Grove,Redwood County,"Redwood County, MN",MN,USA,9,4.0,44.2120415,-95.4929382,56180,17.45,570,29447,51661.403508771924,61316.0,midwest,27127,Redwood County
koa-campground-0,K.O.A. Campground,Owatonna,Steele County,"Steele County, MN",MN,USA,9,,44.0517708,-93.2536912,55060,85.363,14650,924712,63120.273037542654,70532.0,midwest,27147,Steele County
river-rock-disc-golf-course,River Rock Disc Golf Course,Owatonna,Steele County,"Steele County, MN",MN,USA,9,,44.096177000000004,-93.1967043,55060,85.363,14650,924712,63120.273037542654,70532.0,midwest,27147,Steele County
victory-field-disc-golf-course,Victory Field Disc Golf Course,Blooming Prairie,Steele County,"Steele County, MN",MN,USA,9,,43.8666294,-93.04880909999999,55917,85.363,1660,104485,62942.771084337364,70532.0,midwest,27147,Steele County
kamp-dels-disc-golf-course,Kamp Dels Disc Golf Course,Waterville,Le Sueur County,"Le Sueur County, MN",MN,USA,9,,44.2261893,-93.5612166,56096,62.356,1510,88363,58518.54304635763,78559.0,midwest,27079,Le Sueur County
mayo-park,Mayo Park,Le Sueur,Le Sueur County,"Le Sueur County, MN",MN,USA,9,1.0,44.4806929,-93.8957628,56058,62.356,3070,178065,58001.628664495125,78559.0,midwest,27079,Le Sueur County
southside-park,Southside Park,New Prague,Le Sueur County,"Le Sueur County, MN",MN,USA,9,,44.5372731,-93.5786093,56071,62.356,6260,495418,79140.2555910543,78559.0,midwest,27079,Le Sueur County
lawcon-park-disc-golf-course,Lawcon Park Disc Golf Course,Mountain Lake,Cottonwood County,"Cottonwood County, MN",MN,USA,9,,43.944946200000004,-94.9494323,56159,17.807000000000006,1220,65485,53676.22950819672,53525.0,midwest,27033,Cottonwood County
mayflower-park-disc-golf-course,Mayflower Park Disc Golf Course,Windom,Cottonwood County,"Cottonwood County, MN",MN,USA,9,2.0,43.8896751,-95.15748590000001,56101,17.807000000000006,2890,159777,55286.15916955016,53525.0,midwest,27033,Cottonwood County
lions-park-disc-golf-course-0,Lion's Park Disc Golf Course,Kasson,Dodge County,"Dodge County, MN",MN,USA,9,,44.0255926,-92.7565208,55944,46.854,3860,253388,65644.55958549224,77340.0,midwest,27039,Dodge County
lions-park-ii,Lions Park II,Thief River Falls,Pennington County,"Pennington County, MN",MN,USA,9,3.0,48.117262200000006,-96.18120490000001,56701,23.005,6360,375980,59116.352201257854,64240.0,midwest,27113,Pennington County
oakland-park,Oakland Park,Thief River Falls,Pennington County,"Pennington County, MN",MN,USA,9,,48.102587400000004,-96.18128349999999,56701,23.005,6360,375980,59116.352201257854,64240.0,midwest,27113,Pennington County
lofgren-park,Lofgren Park,Littlefork,Koochiching County,"Koochiching County, MN",MN,USA,9,,48.3971326,-93.5597379,56653,4.073,580,30062,51831.03448275862,56870.0,midwest,27071,Koochiching County
rainy-river-disc-golf,Rainy River Disc Golf,International Falls,Koochiching County,"Koochiching County, MN",MN,USA,12,,48.590065,-93.43090600000001,56649,4.073,4420,231658,52411.31221719457,56870.0,midwest,27071,Koochiching County
luther-hollow-disc-golf-course,Luther Hollow Disc Golf Course,New Ulm,Brown County,"Brown County, MN",MN,USA,9,,44.3050144,-94.4703131,56073,41.256,8650,509331,58882.196531791924,61978.0,midwest,27015,Brown County
nehls-park,Nehl's Park,New Ulm,Brown County,"Brown County, MN",MN,USA,9,3.0,44.295537599999996,-94.4616315,56073,41.256,8650,509331,58882.196531791924,61978.0,midwest,27015,Brown County
south-park-0,South Park,New Ulm,Brown County,"Brown County, MN",MN,USA,9,,44.293493700000006,-94.4458666,56073,41.256,8650,509331,58882.196531791924,61978.0,midwest,27015,Brown County
mound-creek-county-park,Mound Creek County Park,Sanborn,Brown County,"Brown County, MN",MN,USA,9,3.0,44.1229727,-95.08850240000001,56019,41.256,430,22979,53439.53488372093,61978.0,midwest,27015,Brown County
sleepy-eye-sportsmens-park-disc-golf,Sleepy Eye Sportsmen's Park Disc Golf,Sleepy Eye,Brown County,"Brown County, MN",MN,USA,9,,44.3098869,-94.7290462,56085,41.256,2580,210661,81651.55038759693,61978.0,midwest,27015,Brown County
links-springfield,The Links of Springfield,Springfield,Brown County,"Brown County, MN",MN,USA,18,2.0,44.2372951,-94.97492740000001,56087,41.256,1490,84292,56571.81208053691,61978.0,midwest,27015,Brown County
mcgrath-park,McGrath Park,Barnesville,Clay County,"Clay County, MN",MN,USA,9,,46.6539843,-96.4234708,56514,60.076,1810,120150,66381.21546961326,74266.0,midwest,27027,Clay County
memorial-riverfront-park,Memorial Riverfront Park,Moorhead,Clay County,"Clay County, MN",MN,USA,13,,46.8773579,-96.7683658,56560,60.076,19300,1109889,57507.202072538865,74266.0,midwest,27027,Clay County
woodlawn-park,Woodlawn Park,Moorhead,Clay County,"Clay County, MN",MN,USA,18,,46.8706514,-96.7760304,56560,60.076,19300,1109889,57507.202072538865,74266.0,midwest,27027,Clay County
river-bend-park-disc-golf-course,River Bend Park Disc Golf Course,Hawley,Clay County,"Clay County, MN",MN,USA,9,,46.87378870000001,-96.3113568,56549,60.076,2380,171056,71872.26890756303,74266.0,midwest,27027,Clay County
memorial-park-disc-golf-course-0,Memorial Park Disc Golf Course,St. James,Watonwan County,"Watonwan County, MN",MN,USA,9,3.0,43.9748059,-94.6373564,56081,25.228,2740,143537,52385.766423357665,60656.0,midwest,27165,Watonwan County
watona-park,Watona Park,Madelia,Watonwan County,"Watonwan County, MN",MN,USA,9,2.0,44.045367,-94.41342159999999,56062,25.228,1530,85583,55936.60130718953,60656.0,midwest,27165,Watonwan County
menagha-disc-golf-course,Menagha Disc Golf Course,Menahga,Wadena County,"Wadena County, MN",MN,USA,12,,46.7928385,-95.1131902,56464,25.446,1970,99781,50650.2538071066,46968.0,midwest,27159,Wadena County
sebeka-disc-golf-course,Sebeka Disc Golf Course,Sebeka,Wadena County,"Wadena County, MN",MN,USA,9,,46.6268801,-95.0930214,56477,25.446,1100,50498,45907.272727272735,46968.0,midwest,27159,Wadena County
sunnybrook-park,Sunnybrook Park,Wadena,Wadena County,"Wadena County, MN",MN,USA,9,4.0,46.4397774,-95.1206163,56482,25.446,2960,149955,50660.472972972966,46968.0,midwest,27159,Wadena County
moose-park,Moose Park,Karlstad,Kittson County,"Kittson County, MN",MN,USA,9,,48.5803053,-96.5256536,56732,3.947,500,25888,51776.0,51016.0,midwest,27069,Kittson County
nicollet-disc-golf-course,Nicollet Disc Golf Course,Nicollet,Nicollet County,"Nicollet County, MN",MN,USA,9,,44.311608299999996,-93.9630926,56074,75.325,990,66421,67091.9191919192,75827.0,midwest,27103,Nicollet County
st-peter-high-school-disc-golf-course,St. Peter High School Disc Golf Course,St. Peter,Nicollet County,"Nicollet County, MN",MN,USA,9,,44.326326,-93.9848061,56082,75.325,5940,406086,68364.64646464647,75827.0,midwest,27103,Nicollet County
st-peter-riverside-park,St. Peter Riverside Park,St. Peter,Nicollet County,"Nicollet County, MN",MN,USA,18,2.0,44.3155266,-93.9585122,56082,75.325,5940,406086,68364.64646464647,75827.0,midwest,27103,Nicollet County
north-park-disc-golf-course-0,North Park Disc Golf Course,Alden,Freeborn County,"Freeborn County, MN",MN,USA,9,,43.6727871,-93.3769729,56009,43.172,740,42170,56986.48648648649,62233.0,midwest,27047,Freeborn County
oak-island-disc-golf-course-bancroft-bay-park,Oak Island Disc Golf Course at Bancroft Bay Park,Albert Lea,Freeborn County,"Freeborn County, MN",MN,USA,18,,43.6722944,-93.3767344,56007,43.172,10010,557738,55718.08191808192,62233.0,midwest,27047,Freeborn County
riverland-community-disc-golf-course,Riverland Community Disc Golf Course,Albert Lea,Freeborn County,"Freeborn County, MN",MN,USA,18,,43.67755800000001,-93.3530809,56007,43.172,10010,557738,55718.08191808192,62233.0,midwest,27047,Freeborn County
tall-grass-disc-golf-course-bancroft-bay-park,Tall Grass Disc Golf Course at Bancroft Bay Park,Albert Lea,Freeborn County,"Freeborn County, MN",MN,USA,18,3.0,43.6727871,-93.3769729,56007,43.172,10010,557738,55718.08191808192,62233.0,midwest,27047,Freeborn County
oak-leaf-park,Oak Leaf Park,Glencoe,McLeod County,"McLeod County, MN",MN,USA,9,,44.7591145,-94.15918190000001,55336,72.893,4050,239365,59102.46913580247,76095.0,midwest,27085,McLeod County
ridgewater-college-0,Ridgewater College,Hutchinson,McLeod County,"McLeod County, MN",MN,USA,9,,44.873508799999996,-94.3720909,55350,72.893,9270,587243,63348.7594390507,76095.0,midwest,27085,McLeod County
seventh-day-adventist-church,Seventh-Day Adventist Church,Hutchinson,McLeod County,"McLeod County, MN",MN,USA,9,,44.902386299999996,-94.3687412,55350,72.893,9270,587243,63348.7594390507,76095.0,midwest,27085,McLeod County
south-park,South Park,Hutchinson,McLeod County,"McLeod County, MN",MN,USA,9,,44.8890441,-94.3738577,55350,72.893,9270,587243,63348.7594390507,76095.0,midwest,27085,McLeod County
second-avenue-park-disc-golf-course,Second Avenue Park Disc Golf Course,Lester Prairie,McLeod County,"McLeod County, MN",MN,USA,9,,44.88258920000001,-94.0379596,55354,72.893,1340,86827,64796.26865671641,76095.0,midwest,27085,McLeod County
okabena-practice-area,Okabena Practice Area,Okabena,Jackson County,"Jackson County, MN",MN,USA,2,,43.7408919,-95.3166975,56161,14.292,200,10294,51470.0,62766.0,midwest,27063,Jackson County
pomme-de-terre-park-disc-golf-course,Pomme De Terre Park Disc Golf Course,Morris,Stevens County,"Stevens County, MN",MN,USA,9,2.0,45.583155700000006,-95.88179509999999,56267,17.36,3020,202012,66891.39072847682,68234.0,midwest,27149,Stevens County
prairie-island-park-disc-golf-course,Prairie Island Park Disc Golf Course,Winona,Winona County,"Winona County, MN",MN,USA,18,,44.0429428,-91.65110920000001,55987,81.199,15010,994487,66254.96335776149,65302.0,midwest,27169,Winona County
willows,The Willows,Winona,Winona County,"Winona County, MN",MN,USA,18,3.0,44.037611,-91.625075,55987,81.199,15010,994487,66254.96335776149,65302.0,midwest,27169,Winona County
woods-st-marys,The Woods at St. Mary's,Winona,Winona County,"Winona County, MN",MN,USA,18,4.0,44.0447724,-91.6957837,55987,81.199,15010,994487,66254.96335776149,65302.0,midwest,27169,Winona County
west-lake-disc-golf-course-lake-park,West Lake Disc Golf Course at Lake Park,Winona,Winona County,"Winona County, MN",MN,USA,9,2.0,44.037611,-91.625075,55987,81.199,15010,994487,66254.96335776149,65302.0,midwest,27169,Winona County
st-charles-disc-golf-course,St. Charles Disc Golf Course,St. Charles,Winona County,"Winona County, MN",MN,USA,18,3.0,43.9589691,-92.0479965,55972,81.199,2430,156374,64351.440329218116,65302.0,midwest,27169,Winona County
rez-park,Rez Park,Hills,Rock County,"Rock County, MN",MN,USA,9,1.0,43.5285833,-96.3642026,56138,19.511,400,22668,56670.0,64588.0,midwest,27133,Rock County
riebe-park,Riebe Park,Princeton,Mille Lacs County,"Mille Lacs County, MN",MN,USA,9,3.0,45.5736163,-93.5754354,55371,44.955,8230,510876,62074.848116646426,55547.0,midwest,27095,Mille Lacs County
rum-river-disc-golf-course-recreation-park,Rum River Disc Golf Course at Recreation Park,Milaca,Mille Lacs County,"Mille Lacs County, MN",MN,USA,9,,45.755319,-93.65737,56353,44.955,4340,245328,56527.188940092165,55547.0,midwest,27095,Mille Lacs County
roseau-city-park-disc-golf,Roseau City Park Disc Golf,Roseau,Roseau County,"Roseau County, MN",MN,USA,9,,48.836023,-95.750313,56751,9.25,2750,169887,61777.09090909091,61775.0,midwest,27135,Roseau County
trollskogen-park-disc-golf-course,Trollskogen Park Disc Golf Course,Spring Grove,Houston County,"Houston County, MN",MN,USA,9,,43.5579348,-91.64315390000002,55974,33.806,990,54546,55096.969696969696,61117.0,midwest,27055,Houston County
twin-creeks-disc-golf-course,Twin Creeks Disc Golf Course,Hokah,Houston County,"Houston County, MN",MN,USA,19,,43.7564615,-91.3547038,55941,33.806,500,28656,57312.0,61117.0,midwest,27055,Houston County
voyageur-park,Voyageur Park,Pine City,Pine County,"Pine County, MN",MN,USA,9,1.0,45.8310734,-92.9718926,55063,20.64,4340,239930,55283.410138248844,58733.0,midwest,27115,Pine County
warren-disc-golf-course,Warren Disc Golf Course,Warren,Marshall County,"Marshall County, MN",MN,USA,9,,48.2044756,-96.75245550000001,56762,5.291,1190,79937,67173.94957983193,62240.0,midwest,27089,Marshall County
winthrop-city-park,Winthrop City Park,Winthrop,Sibley County,"Sibley County, MN",MN,USA,9,,44.5458761,-94.36681429999999,55396,25.327,1040,59642,57348.07692307692,61225.0,midwest,27143,Sibley County
